vulnerabilityIdentifier,fileModificationId
"""ossfuzz-openexr-52730""",12
"""ossfuzz-php-src-25321""",25
"""ossfuzz-selinux-36611""",36
"""ossfuzz-openexr-46309""",46
"""ossfuzz-opus-1944""",57
"""ossfuzz-flac-58481""",68
"""ossfuzz-wget2-14448""",79
"""ossfuzz-poppler-8696""",90
"""ossfuzz-unicorn-36552""",100
"""ossfuzz-libarchive-38764""",113
"""ossfuzz-opensc-20131""",125
"""ossfuzz-ndpi-40087""",136
"""ossfuzz-ntopng-60037""",146
"""ossfuzz-libxml2-1011""",158
"""ossfuzz-libxslt-57378""",168
"""ossfuzz-opensips-44887""",181
"""ossfuzz-imagemagick-39857""",193
"""ossfuzz-skia-6501""",205
"""ossfuzz-c-blosc2-31556""",216
"""ossfuzz-c-blosc2-29821""",224
"""ossfuzz-ghostpdl-45222""",237
"""ossfuzz-sleuthkit-24901""",250
"""ossfuzz-skia-51924""",262
"""ossfuzz-imagemagick-7035""",271
"""ossfuzz-assimp-38870""",285
"""ossfuzz-sleuthkit-27681""",296
"""ossfuzz-opensc-63587""",307
"""ossfuzz-imagemagick-10690""",315
"""ossfuzz-gpac-44221""",325
"""ossfuzz-mupdf-5623""",337
"""ossfuzz-imagemagick-6810""",346
"""ossfuzz-ghostpdl-50306""",354
"""ossfuzz-libxml2-25210""",363
"""ossfuzz-libvips-24290""",375
"""ossfuzz-openvswitch-11862""",387
"""ossfuzz-unicorn-44659""",397
"""ossfuzz-ghostpdl-51745""",405
"""ossfuzz-dawn-47516""",417
"""ossfuzz-assimp-59056""",427
"""ossfuzz-pjsip-54319""",437
"""ossfuzz-selinux-30234""",447
"""ossfuzz-aom-12560""",459
"""ossfuzz-opensc-58932""",468
"""ossfuzz-opensc-45552""",478
"""ossfuzz-wireshark-28730""",491
"""ossfuzz-wget2-14449""",495
"""ossfuzz-libxml2-45455""",504
"""ossfuzz-ghostpdl-44034""",513
"""ossfuzz-kimageformats-12871""",523
"""ossfuzz-icu-62348""",536
"""ossfuzz-opensc-19208""",547
"""ossfuzz-opensc-18868""",555
"""ossfuzz-binutils-gdb-57025""",568
"""ossfuzz-libexif-40617""",579
"""ossfuzz-igraph-47947""",592
"""ossfuzz-libhevc-17072""",607
"""ossfuzz-serenity-30446""",618
"""ossfuzz-gdal-8283""",628
"""ossfuzz-ndpi-44942""",635
"""ossfuzz-imagemagick-39854""",639
"""ossfuzz-llvm-project-46128""",651
"""ossfuzz-libraw-46373""",661
"""ossfuzz-llvm-project-24828""",671
"""ossfuzz-binutils-gdb-21359""",680
"""ossfuzz-mruby-39940""",692
"""ossfuzz-wolfssl-34081""",713
"""ossfuzz-imagemagick-6545""",721
"""ossfuzz-gdal-4597""",729
"""ossfuzz-open62541-18259""",741
"""ossfuzz-imagemagick-61616""",750
"""ossfuzz-imagemagick-6385""",758
"""ossfuzz-librawspeed-3530""",768
"""ossfuzz-fmt-25884""",779
"""ossfuzz-ghostpdl-42454""",787
"""ossfuzz-libxslt-15768""",797
"""ossfuzz-imagemagick-6994""",806
"""ossfuzz-ndpi-25545""",816
"""ossfuzz-binutils-gdb-21339""",824
"""ossfuzz-ndpi-60070""",832
"""ossfuzz-mruby-49268""",842
"""ossfuzz-binutils-gdb-21514""",850
"""ossfuzz-imagemagick-8394""",858
"""ossfuzz-skia-18555""",866
"""ossfuzz-radare2-15035""",878
"""ossfuzz-ndpi-23046""",888
"""ossfuzz-gpac-66349""",897
"""ossfuzz-irssi-6150""",910
"""ossfuzz-ffmpeg-47877""",921
"""ossfuzz-skia-11498""",930
"""ossfuzz-harfbuzz-3559""",940
"""ossfuzz-opensc-32202""",949
"""ossfuzz-flac-61292""",959
"""ossfuzz-open62541-14620""",963
"""ossfuzz-faad2-59193""",974
"""ossfuzz-libcoap-48362""",986
"""ossfuzz-libraw-52802""",994
"""ossfuzz-icu-65486""",1005
"""ossfuzz-libjxl-36485""",1018
"""ossfuzz-libhevc-17031""",1026
"""ossfuzz-libspectre-21301""",1036
"""ossfuzz-envoy-64386""",1047
"""ossfuzz-opensc-23215""",1054
"""ossfuzz-uWebSockets-30949""",1065
"""ossfuzz-opensc-25885""",1074
"""ossfuzz-glib-28458""",1087
"""ossfuzz-imagemagick-7078""",1094
"""ossfuzz-leptonica-25121""",1105
"""ossfuzz-opensc-60616""",1112
"""ossfuzz-skia-51939""",1116
"""ossfuzz-ffmpeg-1699""",1124
"""ossfuzz-skia-8956""",1133
"""ossfuzz-librawspeed-4670""",1140
"""ossfuzz-aom-67216""",1149
"""ossfuzz-zstd-66510""",1160
"""ossfuzz-imagemagick-10500""",1166
"""ossfuzz-librabbitmq-56157""",1176
"""ossfuzz-samba-20156""",1187
"""ossfuzz-skia-6295""",1197
"""ossfuzz-yara-11945""",1207
"""ossfuzz-htslib-25533""",1219
"""ossfuzz-open62541-4300""",1228
"""ossfuzz-upx-65650""",1240
"""ossfuzz-wget2-14428""",1243
"""ossfuzz-imagemagick-8172""",1251
"""ossfuzz-skia-51900""",1255
"""ossfuzz-ndpi-44482""",1261
"""ossfuzz-mupdf-5496""",1269
"""ossfuzz-ntopng-61737""",1277
"""ossfuzz-libxslt-30099""",1286
"""ossfuzz-libxml2-67552""",1295
"""ossfuzz-c-blosc2-25118""",1303
"""ossfuzz-libxml2-63086""",1311
"""ossfuzz-selinux-31065""",1319
"""ossfuzz-imagemagick-8181""",1323
"""ossfuzz-open62541-4097""",1332
"""ossfuzz-libucl-21579""",1341
"""ossfuzz-libraw-46267""",1345
"""ossfuzz-harfbuzz-12292""",1353
"""ossfuzz-imagemagick-7499""",1360
"""ossfuzz-openthread-14821""",1371
"""ossfuzz-skia-23697""",1380
"""ossfuzz-libxaac-61825""",1391
"""ossfuzz-imagemagick-22160""",1400
"""ossfuzz-ghostpdl-48746""",1408
"""ossfuzz-openthread-28315""",1419
"""ossfuzz-wolfmqtt-30181""",1432
"""ossfuzz-wireshark-7166""",1443
"""ossfuzz-net-snmp-64315""",1451
"""ossfuzz-ghostpdl-44160""",1459
"""ossfuzz-lwan-18448""",1469
"""ossfuzz-mruby-30886""",1478
"""ossfuzz-ndpi-21356""",1486
"""ossfuzz-pcre2-20872""",1496
"""ossfuzz-hostap-20373""",1508
"""ossfuzz-skia-11766""",1517
"""ossfuzz-imagemagick-6014""",1525
"""ossfuzz-imagemagick-7915""",1532
"""ossfuzz-fluent-bit-27279""",1545
"""ossfuzz-serenity-64165""",1555
"""ossfuzz-uWebSockets-31126""",1562
"""ossfuzz-matio-41330""",1572
"""ossfuzz-skia-24289""",1580
"""ossfuzz-skia-11040""",1588
"""ossfuzz-openthread-21070""",1596
"""ossfuzz-ndpi-52174""",1603
"""ossfuzz-libbpf-40363""",1615
"""ossfuzz-imagemagick-6912""",1622
"""ossfuzz-hostap-20363""",1625
"""ossfuzz-gpac-53971""",1633
"""ossfuzz-selinux-28513""",1640
"""ossfuzz-freetype2-9082""",1651
"""ossfuzz-mruby-36930""",1658
"""ossfuzz-opensc-46852""",1665
"""ossfuzz-pcl-42111""",1678
"""ossfuzz-skia-11281""",1687
"""ossfuzz-gpac-66005""",1694
"""ossfuzz-perfetto-34665""",1705
"""ossfuzz-ffmpeg-39956""",1714
"""ossfuzz-gdal-7218""",1722
"""ossfuzz-ntopng-61443""",1730
"""ossfuzz-ndpi-20644""",1736
"""ossfuzz-skia-17061""",1745
"""ossfuzz-libjpeg-turbo-33001""",1756
"""ossfuzz-libdwarf-63024""",1766
"""ossfuzz-uWebSockets-30951""",1770
"""ossfuzz-imagemagick-22534""",1779
"""ossfuzz-freeradius-server-55982""",1790
"""ossfuzz-libavc-57333""",1801
"""ossfuzz-ndpi-23021""",1809
"""ossfuzz-ndpi-22169""",1816
"""ossfuzz-leptonica-31243""",1824
"""ossfuzz-imagemagick-8019""",1831
"""ossfuzz-fluent-bit-26593""",1840
"""ossfuzz-irssi-31491""",1851
"""ossfuzz-libjxl-35305""",1862
"""ossfuzz-libxml2-45534""",1866
"""ossfuzz-librawspeed-9180""",1875
"""ossfuzz-binutils-gdb-19414""",1882
"""ossfuzz-imagemagick-7329""",1890
"""ossfuzz-libzip-55365""",1901
"""ossfuzz-openssl-8241""",1913
"""ossfuzz-libjxl-41233""",1924
"""ossfuzz-open62541-5652""",1933
"""ossfuzz-geos-33474""",1944
"""ossfuzz-mruby-49493""",1950
"""ossfuzz-fluent-bit-28256""",1960
"""ossfuzz-envoy-42389""",1971
"""ossfuzz-lldpd-59532""",1983
"""ossfuzz-harfbuzz-36911""",1992
"""ossfuzz-harfbuzz-58663""",2001
"""ossfuzz-php-src-36205""",2009
"""ossfuzz-opensc-19039""",2017
"""ossfuzz-ffmpeg-1378""",2024
"""ossfuzz-flac-56339""",2032
"""ossfuzz-mupdf-17094""",2042
"""ossfuzz-opensc-23787""",2050
"""ossfuzz-mupdf-46541""",2059
"""ossfuzz-php-src-17971""",2070
"""ossfuzz-imagemagick-24106""",2077
"""ossfuzz-libjpeg-turbo-27852""",2085
"""ossfuzz-poppler-8511""",2092
"""ossfuzz-imagemagick-6582""",2100
"""ossfuzz-opensc-54312""",2109
"""ossfuzz-oniguruma-21998""",2121
"""ossfuzz-ffmpeg-48799""",2131
"""ossfuzz-gdal-1580""",2139
"""ossfuzz-imagemagick-18191""",2147
"""ossfuzz-opensc-25935""",2155
"""ossfuzz-rdkit-44972""",2168
"""ossfuzz-ghostpdl-51011""",2176
"""ossfuzz-imagemagick-7459""",2183
"""ossfuzz-ndpi-48034""",2190
"""ossfuzz-imagemagick-5608""",2198
"""ossfuzz-ghostpdl-44258""",2205
"""ossfuzz-mupdf-5645""",2209
"""ossfuzz-ghostpdl-50834""",2217
"""ossfuzz-ghostpdl-50720""",2223
"""ossfuzz-mupdf-36500""",2232
"""ossfuzz-wireshark-21718""",2242
"""ossfuzz-upx-65518""",2249
"""ossfuzz-fluent-bit-45911""",2261
"""ossfuzz-ghostpdl-42908""",2270
"""ossfuzz-imagemagick-18813""",2281
"""ossfuzz-php-src-23140""",2289
"""ossfuzz-ghostpdl-51418""",2302
"""ossfuzz-ndpi-43705""",2309
"""ossfuzz-libarchive-15120""",2317
"""ossfuzz-proj.4-3936""",2329
"""ossfuzz-openthread-30831""",2338
"""ossfuzz-ghostpdl-47501""",2344
"""ossfuzz-serenity-40023""",2354
"""ossfuzz-libredwg-34766""",2364
"""ossfuzz-boringssl-9808""",2377
"""ossfuzz-binutils-gdb-20147""",2385
"""ossfuzz-fluent-bit-26325""",2392
"""ossfuzz-imagemagick-6584""",2398
"""ossfuzz-skia-29183""",2406
"""ossfuzz-skia-31754""",2416
"""ossfuzz-opensc-64181""",2423
"""ossfuzz-ffmpeg-45722""",2432
"""ossfuzz-serenity-63357""",2441
"""ossfuzz-binutils-gdb-49801""",2449
"""ossfuzz-ffmpeg-42821""",2458
"""ossfuzz-opensc-19548""",2467
"""ossfuzz-fluent-bit-34025""",2477
"""ossfuzz-libxslt-15914""",2481
"""ossfuzz-imagemagick-11930""",2490
"""ossfuzz-proj.4-3325""",2499
"""ossfuzz-tcmalloc-58785""",2510
"""ossfuzz-c-blosc2-31552""",2517
"""ossfuzz-imagemagick-5581""",2524
"""ossfuzz-c-blosc2-31585""",2528
"""ossfuzz-libxml2-17737""",2536
"""ossfuzz-gstreamer-52634""",2548
"""ossfuzz-assimp-32822""",2560
"""ossfuzz-imagemagick-6032""",2567
"""ossfuzz-curl-8000""",2578
"""ossfuzz-h3-51224""",2589
"""ossfuzz-fluent-bit-27261""",2594
"""ossfuzz-ghostpdl-50847""",2600
"""ossfuzz-imagemagick-6685""",2607
"""ossfuzz-imagemagick-7098""",2612
"""ossfuzz-skia-13417""",2621
"""ossfuzz-imagemagick-6846""",2628
"""ossfuzz-imagemagick-19769""",2637
"""ossfuzz-wireshark-5298""",2649
"""ossfuzz-openexr-25505""",2658
"""ossfuzz-pcre2-1465""",2666
"""ossfuzz-wireshark-24099""",2674
"""ossfuzz-openthread-13741""",2682
"""ossfuzz-libraw-46278""",2685
"""ossfuzz-libjxl-35019""",2694
"""ossfuzz-ndpi-21296""",2700
"""ossfuzz-fio-29564""",2720
"""ossfuzz-libredwg-44432""",2729
"""ossfuzz-libplist-55035""",2741
"""ossfuzz-ffmpeg-1345""",2749
"""ossfuzz-harfbuzz-3558""",2753
"""ossfuzz-PcapPlusPlus-60456""",2764
"""ossfuzz-wasm3-33663""",2775
"""ossfuzz-harfbuzz-11372""",2784
"""ossfuzz-lz4-15941""",2794
"""ossfuzz-bitcoin-core-34657""",2807
"""ossfuzz-poppler-12797""",2816
"""ossfuzz-capstonenext-15112""",2828
"""ossfuzz-ffmpeg-1442""",2836
"""ossfuzz-opensips-52204""",2843
"""ossfuzz-imagemagick-6808""",2848
"""ossfuzz-skia-17491""",2857
"""ossfuzz-mruby-49425""",2863
"""ossfuzz-opensc-19190""",2868
"""ossfuzz-openssl-21550""",2879
"""ossfuzz-selinux-32177""",2885
"""ossfuzz-mupdf-5494""",2893
"""ossfuzz-php-src-24436""",2900
"""ossfuzz-opensc-45430""",2907
"""ossfuzz-skia-11294""",2911
"""ossfuzz-mruby-36464""",2917
"""ossfuzz-aom-9253""",2926
"""ossfuzz-mupdf-29728""",2935
"""ossfuzz-oss-fuzz-example-61285""",2945
"""ossfuzz-open62541-4764""",2952
"""ossfuzz-libexif-37581""",2961
"""ossfuzz-libjxl-49049""",2969
"""ossfuzz-skia-12484""",2976
"""ossfuzz-jq-61235""",2988
"""ossfuzz-mruby-49550""",2994
"""ossfuzz-c-blosc2-31637""",2997
"""ossfuzz-wolfmqtt-39062""",3007
"""ossfuzz-openthread-14854""",3015
"""ossfuzz-open62541-11484""",3024
"""ossfuzz-wireshark-56936""",3035
"""ossfuzz-ghostpdl-44406""",3043
"""ossfuzz-libvips-16820""",3052
"""ossfuzz-sleuthkit-38872""",3062
"""ossfuzz-bitcoin-core-34843""",3073
"""ossfuzz-opensc-26103""",3079
"""ossfuzz-assimp-57218""",3087
"""ossfuzz-c-blosc2-26406""",3096
"""ossfuzz-assimp-49797""",3106
"""ossfuzz-libvips-39481""",3115
"""ossfuzz-ndpi-21780""",3124
"""ossfuzz-libspectre-21670""",3130
"""ossfuzz-aom-49652""",3140
"""ossfuzz-vlc-34480""",3153
"""ossfuzz-binutils-gdb-42179""",3162
"""ossfuzz-capstonenext-14174""",3170
"""ossfuzz-selinux-43209""",3177
"""ossfuzz-uWebSockets-28143""",3187
"""ossfuzz-imagemagick-6495""",3193
"""ossfuzz-librawspeed-4812""",3200
"""ossfuzz-ghostpdl-50307""",3207
"""ossfuzz-librawspeed-11429""",3215
"""ossfuzz-imagemagick-5740""",3222
"""ossfuzz-openvswitch-9294""",3229
"""ossfuzz-opensc-19040""",3233
"""ossfuzz-upx-65531""",3242
"""ossfuzz-skia-13547""",3245
"""ossfuzz-wolfmqtt-38237""",3253
"""ossfuzz-poppler-22430""",3262
"""ossfuzz-imagemagick-18305""",3269
"""ossfuzz-libjpeg-turbo.2.0.x-60372""",3278
"""ossfuzz-mruby-53161""",3286
"""ossfuzz-proj.4-3630""",3296
"""ossfuzz-mruby-38924""",3303
"""ossfuzz-ndpi-45036""",3311
"""ossfuzz-gdal-9351""",3320
"""ossfuzz-opus-1949""",3323
"""ossfuzz-libraw-60728""",3340
"""ossfuzz-libhevc-16817""",3350
"""ossfuzz-libjpeg-turbo-32972""",3353
"""ossfuzz-libxml2-63124""",3356
"""ossfuzz-lcms-51151""",3368
"""ossfuzz-aom-11523""",3377
"""ossfuzz-skia-20198""",3386
"""ossfuzz-libplist-44393""",3393
"""ossfuzz-lcms-43601""",3403
"""ossfuzz-opensc-64898""",3411
"""ossfuzz-ffmpeg-1427""",3418
"""ossfuzz-miniz-27413""",3429
"""ossfuzz-skia-11902""",3433
"""ossfuzz-libplist-44301""",3437
"""ossfuzz-poppler-8529""",3445
"""ossfuzz-ntopng-61648""",3453
"""ossfuzz-kamailio-42238""",3464
"""ossfuzz-ghostpdl-45892""",3473
"""ossfuzz-duckdb-34255""",3485
"""ossfuzz-ndpi-20832""",3491
"""ossfuzz-libssh2-65212""",3503
"""ossfuzz-binutils-gdb-40720""",3511
"""ossfuzz-mruby-56513""",3519
"""ossfuzz-assimp-47171""",3529
"""ossfuzz-ndpi-23396""",3536
"""ossfuzz-binutils-gdb-23778""",3544
"""ossfuzz-skia-11518""",3548
"""ossfuzz-ffmpeg-20494""",3558
"""ossfuzz-readstat-28312""",3569
"""ossfuzz-libredwg-31591""",3575
"""ossfuzz-ndpi-57317""",3583
"""ossfuzz-librawspeed-7171""",3591
"""ossfuzz-serenity-36793""",3601
"""ossfuzz-stb-24186""",3613
"""ossfuzz-imagemagick-7111""",3619
"""ossfuzz-binutils-gdb-19498""",3628
"""ossfuzz-libraw-52901""",3635
"""ossfuzz-opensc-56781""",3642
"""ossfuzz-skia-6955""",3650
"""ossfuzz-capstonenext-8865""",3659
"""ossfuzz-wireshark-17305""",3669
"""ossfuzz-openthread-12631""",3677
"""ossfuzz-imagemagick-7536""",3683
"""ossfuzz-freeradius-server-39660""",3690
"""ossfuzz-wolfmqtt-37878""",3693
"""ossfuzz-wolfmqtt-39028""",3697
"""ossfuzz-capstonenext-14175""",3701
"""ossfuzz-skia-22776""",3708
"""ossfuzz-libredwg-44483""",3715
"""ossfuzz-ntopng-61538""",3723
"""ossfuzz-wireshark-28191""",3729
"""ossfuzz-openthread-28682""",3737
"""ossfuzz-bind9-63186""",3749
"""ossfuzz-imagemagick-5590""",3754
"""ossfuzz-mupdf-64539""",3764
"""ossfuzz-serenity-30518""",3768
"""ossfuzz-mruby-49542""",3772
"""ossfuzz-skia-11607""",3776
"""ossfuzz-imagemagick-6491""",3782
"""ossfuzz-matio-29576""",3791
"""ossfuzz-gpac-66359""",3799
"""ossfuzz-binutils-gdb-31961""",3808
"""ossfuzz-ots-7361""",3820
"""ossfuzz-dav1d-43560""",3831
"""ossfuzz-zstd-38553""",3841
"""ossfuzz-imagemagick-9670""",3850
"""ossfuzz-unicorn-44217""",3854
"""ossfuzz-matio-29517""",3861
"""ossfuzz-ndpi-19332""",3869
"""ossfuzz-htslib-20694""",3877
"""ossfuzz-opencv-25779""",3890
"""ossfuzz-htslib-18196""",3897
"""ossfuzz-curl-7997""",3901
"""ossfuzz-icu-62651""",3909
"""ossfuzz-ndpi-60605""",3916
"""ossfuzz-imagemagick-7034""",3921
"""ossfuzz-llvm-project-21448""",3930
"""ossfuzz-opensc-26116""",3937
"""ossfuzz-imagemagick-7535""",3944
"""ossfuzz-imagemagick-6162""",3955
"""ossfuzz-leptonica-22110""",3966
"""ossfuzz-libpsl-39226""",3974
"""ossfuzz-yara-24293""",3988
"""ossfuzz-c-blosc2-29171""",3997
"""ossfuzz-gdal-7318""",4005
"""ossfuzz-imagemagick-7515""",4008
"""ossfuzz-libucl-24591""",4012
"""ossfuzz-libjxl-46243""",4016
"""ossfuzz-haproxy-23653""",4027
"""ossfuzz-imagemagick-5429""",4036
"""ossfuzz-imagemagick-7740""",4043
"""ossfuzz-fluent-bit-51132""",4051
"""ossfuzz-libgd-37687""",4064
"""ossfuzz-c-blosc2-31551""",4067
"""ossfuzz-libjxl-41235""",4077
"""ossfuzz-matio-38829""",4084
"""ossfuzz-binutils-gdb-59591""",4092
"""ossfuzz-libdwarf-59576""",4101
"""ossfuzz-libredwg-53483""",4109
"""ossfuzz-imagemagick-5482""",4117
"""ossfuzz-ndpi-49906""",4123
"""ossfuzz-opensc-51837""",4133
"""ossfuzz-imagemagick-11444""",4142
"""ossfuzz-imagemagick-6980""",4149
"""ossfuzz-imagemagick-43895""",4157
"""ossfuzz-lcms-42227""",4171
"""ossfuzz-botan-10628""",4183
"""ossfuzz-gdal-21044""",4191
"""ossfuzz-libavc-58190""",4199
"""ossfuzz-wireshark-6423""",4208
"""ossfuzz-faad2-59179""",4211
"""ossfuzz-binutils-gdb-42464""",4218
"""ossfuzz-icu-62601""",4222
"""ossfuzz-lcms-43622""",4225
"""ossfuzz-serenity-53632""",4232
"""ossfuzz-libxml2-11504""",4239
"""ossfuzz-readstat-12595""",4247
"""ossfuzz-mupdf-26738""",4255
"""ossfuzz-ndpi-21365""",4262
"""ossfuzz-libredwg-61818""",4269
"""ossfuzz-lcms-50956""",4275
"""ossfuzz-wolfssl-56334""",4287
"""ossfuzz-mosquitto-55948""",4297
"""ossfuzz-mruby-49259""",4301
"""ossfuzz-wireshark-12745""",4310
"""ossfuzz-ghostpdl-42329""",4318
"""ossfuzz-skia-23932""",4327
"""ossfuzz-binutils-gdb-53740""",4334
"""ossfuzz-ffmpeg-1348""",4344
"""ossfuzz-ffmpeg-36340""",4353
"""ossfuzz-PcapPlusPlus-59862""",4357
"""ossfuzz-gpac-65215""",4364
"""ossfuzz-ndpi-57369""",4369
"""ossfuzz-binutils-gdb-56190""",4376
"""ossfuzz-oniguruma-25893""",4383
"""ossfuzz-c-blosc2-31705""",4391
"""ossfuzz-openvswitch-9287""",4395
"""ossfuzz-skia-51907""",4399
"""ossfuzz-libsass-19988""",4411
"""ossfuzz-assimp-56320""",4414
"""ossfuzz-freetype2-8968""",4421
"""ossfuzz-ghostpdl-47770""",4428
"""ossfuzz-coturn-51563""",4441
"""ossfuzz-libredwg-61593""",4448
"""ossfuzz-gdal-7743""",4456
"""ossfuzz-libxaac-62388""",4469
"""ossfuzz-ghostpdl-52145""",4477
"""ossfuzz-libgit2-18882""",4491
"""ossfuzz-libjxl-36073""",4498
"""ossfuzz-irssi-33444""",4506
"""ossfuzz-gpsd-61617""",4517
"""ossfuzz-mupdf-64453""",4524
"""ossfuzz-ffmpeg-25775""",4533
"""ossfuzz-imagemagick-6790""",4541
"""ossfuzz-ndpi-61650""",4548
"""ossfuzz-ghostpdl-44855""",4555
"""ossfuzz-libavc-55964""",4564
"""ossfuzz-openvswitch-11869""",4568
"""ossfuzz-mruby-39937""",4571
"""ossfuzz-imagemagick-10115""",4578
"""ossfuzz-php-src-59072""",4587
"""ossfuzz-icu-19497""",4598
"""ossfuzz-aom-27853""",4606
"""ossfuzz-ghostpdl-53619""",4614
"""ossfuzz-mupdf-36463""",4618
"""ossfuzz-ffmpeg-55102""",4626
"""ossfuzz-tesseract-32142""",4637
"""ossfuzz-imagemagick-6243""",4644
"""ossfuzz-ghostpdl-45992""",4651
"""ossfuzz-libxml2-63079""",4655
"""ossfuzz-imagemagick-7118""",4662
"""ossfuzz-skia-51884""",4665
"""ossfuzz-gdal-6736""",4672
"""ossfuzz-opensc-53927""",4680
"""ossfuzz-rnp-25292""",4690
"""ossfuzz-llvm-project-20785""",4701
"""ossfuzz-openthread-3376""",4709
"""ossfuzz-leptonica-26967""",4718
"""ossfuzz-openvswitch-10796""",4726
"""ossfuzz-flac-63790""",4734
"""ossfuzz-imagemagick-20920""",4742
"""ossfuzz-ndpi-21349""",4748
"""ossfuzz-harfbuzz-4099""",4756
"""ossfuzz-skia-15313""",4765
"""ossfuzz-imagemagick-5458""",4770
"""ossfuzz-ghostpdl-51005""",4775
"""ossfuzz-ghostpdl-44264""",4782
"""ossfuzz-elfutils-43307""",4793
"""ossfuzz-skia-51882""",4797
"""ossfuzz-ndpi-25446""",4801
"""ossfuzz-libxml2-57223""",4810
"""ossfuzz-gdal-9138""",4817
"""ossfuzz-librawspeed-4822""",4823
"""ossfuzz-samba-19463""",4833
"""ossfuzz-imagemagick-55952""",4841
"""ossfuzz-mruby-45192""",4848
"""ossfuzz-libxml2-63084""",4852
"""ossfuzz-libraw-58238""",4860
"""ossfuzz-mupdf-13771""",4867
"""ossfuzz-gdal-8963""",4875
"""ossfuzz-mruby-53183""",4880
"""ossfuzz-ffmpeg-1478""",4888
"""ossfuzz-serenity-38733""",4892
"""ossfuzz-mupdf-64677""",4898
"""ossfuzz-librawspeed-3497""",4906
"""ossfuzz-wpantund-10864""",4915
"""ossfuzz-lcms-63954""",4922
"""ossfuzz-librawspeed-5256""",4930
"""ossfuzz-opensc-25998""",4935
"""ossfuzz-opensips-53199""",4944
"""ossfuzz-openthread-17147""",4952
"""ossfuzz-gstreamer-53210""",4962
"""ossfuzz-imagemagick-22217""",4969
"""ossfuzz-ghostpdl-42268""",4977
"""ossfuzz-libexif-46917""",4987
"""ossfuzz-openthread-19338""",4994
"""ossfuzz-librawspeed-3560""",5001
"""ossfuzz-gpac-65985""",5007
"""ossfuzz-libheif-39373""",5018
"""ossfuzz-mruby-49470""",5021
"""ossfuzz-libxml2-1461""",5028
"""ossfuzz-libjpeg-turbo.main-55573""",5038
"""ossfuzz-ndpi-52229""",5045
"""ossfuzz-pcre2-20862""",5049
"""ossfuzz-wolfssl-31970""",5059
"""ossfuzz-flac-56327""",5066
"""ossfuzz-pcre2-20867""",5070
"""ossfuzz-wireshark-8011""",5076
"""ossfuzz-gstreamer-46543""",5086
"""ossfuzz-serenity-28239""",5095
"""ossfuzz-c-blosc2-30748""",5102
"""ossfuzz-picotls-13837""",5112
"""ossfuzz-libxml2-63157""",5120
"""ossfuzz-wireshark-19070""",5130
"""ossfuzz-skia-10929""",5137
"""ossfuzz-imagemagick-44851""",5145
"""ossfuzz-imagemagick-5828""",5153
"""ossfuzz-h3-35902""",5162
"""ossfuzz-llvm-project-65283""",5172
"""ossfuzz-libredwg-54625""",5179
"""ossfuzz-skia-9120""",5187
"""ossfuzz-opensc-61750""",5193
"""ossfuzz-usrsctp-17780""",5204
"""ossfuzz-tinygltf-42123""",5215
"""ossfuzz-ndpi-23831""",5223
"""ossfuzz-skia-51901""",5226
"""ossfuzz-libxml2-62954""",5232
"""ossfuzz-opensc-20716""",5240
"""ossfuzz-imagemagick-66135""",5248
"""ossfuzz-moddable-47553""",5259
"""ossfuzz-ghostpdl-42325""",5266
"""ossfuzz-skia-51886""",5270
"""ossfuzz-aom-67059""",5273
"""ossfuzz-gdal-14963""",5282
"""ossfuzz-imagemagick-6239""",5290
"""ossfuzz-libxml2-57089""",5295
"""ossfuzz-skia-29982""",5302
"""ossfuzz-imagemagick-6278""",5309
"""ossfuzz-mruby-49269""",5314
"""ossfuzz-openthread-12684""",5322
"""ossfuzz-opus-1947""",5325
"""ossfuzz-selinux-42729""",5333
"""ossfuzz-binutils-gdb-21300""",5341
"""ossfuzz-mupdf-7367""",5350
"""ossfuzz-pcre2-13073""",5358
"""ossfuzz-imagemagick-5669""",5365
"""ossfuzz-ffmpeg-47936""",5372
"""ossfuzz-libxml2-12419""",5379
"""ossfuzz-uWebSockets-28162""",5382
"""ossfuzz-opensc-24316""",5389
"""ossfuzz-aom-12549""",5393
"""ossfuzz-coturn-63454""",5402
"""ossfuzz-imagemagick-6066""",5406
"""ossfuzz-imagemagick-6759""",5414
"""ossfuzz-samba-57728""",5426
"""ossfuzz-mruby-57672""",5433
"""ossfuzz-proj.4-3943""",5437
"""ossfuzz-libssh2-29764""",5446
"""ossfuzz-ghostpdl-42917""",5454
"""ossfuzz-imagemagick-22186""",5458
"""ossfuzz-libtiff-27935""",5470
"""ossfuzz-ndpi-29081""",5479
"""ossfuzz-lxc-33556""",5489
"""ossfuzz-libsndfile-26026""",5502
"""ossfuzz-mruby-49255""",5505
"""ossfuzz-freetype2-9091""",5509
"""ossfuzz-imagemagick-6441""",5512
"""ossfuzz-php-src-51180""",5521
"""ossfuzz-librawspeed-6899""",5529
"""ossfuzz-ghostpdl-42907""",5534
"""ossfuzz-imagemagick-6850""",5541
"""ossfuzz-mupdf-36504""",5545
"""ossfuzz-opensc-27480""",5554
"""ossfuzz-imagemagick-6457""",5561
"""ossfuzz-openexr-59070""",5570
"""ossfuzz-openthread-8316""",5579
"""ossfuzz-selinux-28507""",5582
"""ossfuzz-poppler-26264""",5591
"""ossfuzz-imagemagick-5646""",5597
"""ossfuzz-imagemagick-44457""",5605
"""ossfuzz-imagemagick-5588""",5610
"""ossfuzz-imagemagick-6653""",5618
"""ossfuzz-skia-51928""",5622
"""ossfuzz-skia-6043""",5629
"""ossfuzz-curl-3956""",5638
"""ossfuzz-ghostpdl-42736""",5644
"""ossfuzz-openvswitch-10863""",5651
"""ossfuzz-opensc-55998""",5660
"""ossfuzz-imagemagick-8179""",5663
"""ossfuzz-skia-11282""",5667
"""ossfuzz-mupdf-59418""",5674
"""ossfuzz-mruby-15603""",5683
"""ossfuzz-binutils-gdb-52243""",5690
"""ossfuzz-imagemagick-6350""",5698
"""ossfuzz-tpm2-23127""",5710
"""ossfuzz-ndpi-21363""",5714
"""ossfuzz-capstonenext-14912""",5724
"""ossfuzz-ghostpdl-51618""",5730
"""ossfuzz-librawspeed-6831""",5736
"""ossfuzz-openthread-5935""",5742
"""ossfuzz-ghostpdl-57880""",5749
"""ossfuzz-openvswitch-21426""",5758
"""ossfuzz-exiv2-51707""",5771
"""ossfuzz-libexif-37570""",5774
"""ossfuzz-assimp-41582""",5784
"""ossfuzz-qtbase-14743""",5795
"""ossfuzz-radare2-11359""",5805
"""ossfuzz-fluent-bit-26327""",5810
"""ossfuzz-mdbtools-30752""",5821
"""ossfuzz-imagemagick-5710""",5831
"""ossfuzz-freetype2-9079""",5835
"""ossfuzz-mupdf-26782""",5838
"""ossfuzz-binutils-gdb-23991""",5848
"""ossfuzz-mruby-49428""",5852
"""ossfuzz-karchive-18449""",5863
"""ossfuzz-opensips-39800""",5870
"""ossfuzz-imagemagick-6861""",5877
"""ossfuzz-mruby-58723""",5885
"""ossfuzz-lwan-14297""",5893
"""ossfuzz-matio-58262""",5901
"""ossfuzz-imagemagick-7534""",5907
"""ossfuzz-c-blosc2-31038""",5914
"""ossfuzz-mruby-34652""",5921
"""ossfuzz-libidn2-12420""",5931
"""ossfuzz-serenity-59465""",5940
"""ossfuzz-libxml2-1010""",5944
"""ossfuzz-libvips-35359""",5955
"""ossfuzz-imagemagick-8171""",5959
"""ossfuzz-selinux-28484""",5966
"""ossfuzz-aom-10252""",5977
"""ossfuzz-imagemagick-5547""",5984
"""ossfuzz-binutils-gdb-47975""",5992
"""ossfuzz-libredwg-53750""",6000
"""ossfuzz-ffmpeg-1473""",6006
"""ossfuzz-php-src-29661""",6014
"""ossfuzz-serenity-29266""",6022
"""ossfuzz-librawspeed-18877""",6030
"""ossfuzz-wireshark-56990""",6038
"""ossfuzz-c-blosc2-27816""",6047
"""ossfuzz-ndpi-21346""",6053
"""ossfuzz-bloaty-5873""",6063
"""ossfuzz-jq-64771""",6071
"""ossfuzz-zlib-49903""",6083
"""ossfuzz-jsoncpp-21916""",6096
"""ossfuzz-imagemagick-5372""",6104
"""ossfuzz-libxslt-57074""",6110
"""ossfuzz-c-blosc2-30113""",6119
"""ossfuzz-ghostpdl-42687""",6127
"""ossfuzz-lcms-51145""",6131
"""ossfuzz-ndpi-20162""",6137
"""ossfuzz-skcms-7189""",6146
"""ossfuzz-mruby-58577""",6149
"""ossfuzz-matio-16834""",6158
"""ossfuzz-pcre2-12950""",6165
"""ossfuzz-tmux-47933""",6179
"""ossfuzz-oniguruma-53036""",6188
"""ossfuzz-freeradius-server-66480""",6196
"""ossfuzz-radare2-15003""",6205
"""ossfuzz-ndpi-21809""",6212
"""ossfuzz-gpac-66696""",6220
"""ossfuzz-wireshark-1621""",6230
"""ossfuzz-imagemagick-5889""",6237
"""ossfuzz-oniguruma-53046""",6240
"""ossfuzz-imagemagick-18166""",6248
"""ossfuzz-opus-1939""",6251
"""ossfuzz-exiv2-61675""",6258
"""ossfuzz-glib-54302""",6269
"""ossfuzz-libredwg-32275""",6277
"""ossfuzz-ghostpdl-42616""",6283
"""ossfuzz-libheif-61718""",6292
"""ossfuzz-libredwg-44439""",6295
"""ossfuzz-assimp-57001""",6303
"""ossfuzz-mcl-44176""",6314
"""ossfuzz-ffmpeg-58528""",6322
"""ossfuzz-libjxl-45822""",6330
"""ossfuzz-imagemagick-8183""",6333
"""ossfuzz-libexif-37222""",6341
"""ossfuzz-libraw-42108""",6349
"""ossfuzz-wireshark-10882""",6356
"""ossfuzz-skia-11585""",6360
"""ossfuzz-binutils-gdb-59148""",6367
"""ossfuzz-libxml2-57521""",6375
"""ossfuzz-ghostpdl-48749""",6378
"""ossfuzz-imagemagick-7123""",6382
"""ossfuzz-imagemagick-5326""",6385
"""ossfuzz-fluent-bit-27025""",6392
"""ossfuzz-fluent-bit-28265""",6399
"""ossfuzz-flac-47525""",6407
"""ossfuzz-tpm2-45974""",6411
"""ossfuzz-wireshark-7975""",6419
"""ossfuzz-mruby-53173""",6423
"""ossfuzz-librawspeed-3621""",6431
"""ossfuzz-binutils-gdb-40465""",6438
"""ossfuzz-binutils-gdb-43434""",6446
"""ossfuzz-h2o-12096""",6455
"""ossfuzz-mruby-38251""",6463
"""ossfuzz-mruby-49763""",6469
"""ossfuzz-imagemagick-5925""",6473
"""ossfuzz-ffmpeg-48281""",6481
"""ossfuzz-mupdf-36519""",6484
"""ossfuzz-selinux-60670""",6492
"""ossfuzz-libplist-55146""",6499
"""ossfuzz-lldpd-52006""",6508
"""ossfuzz-ghostpdl-47499""",6511
"""ossfuzz-libvips-26855""",6522
"""ossfuzz-binutils-gdb-19702""",6529
"""ossfuzz-openvswitch-22026""",6533
"""ossfuzz-mruby-56991""",6540
"""ossfuzz-ghostpdl-48745""",6544
"""ossfuzz-ffmpeg-53340""",6551
"""ossfuzz-librawspeed-65309""",6560
"""ossfuzz-librawspeed-3371""",6567
"""ossfuzz-opensc-45969""",6570
"""ossfuzz-libredwg-46847""",6577
"""ossfuzz-imagemagick-62615""",6585
"""ossfuzz-usrsctp-18001""",6588
"""ossfuzz-wireshark-21715""",6592
"""ossfuzz-binutils-gdb-51008""",6598
"""ossfuzz-uWebSockets-28144""",6602
"""ossfuzz-libucl-38579""",6609
"""ossfuzz-opensc-53417""",6615
"""ossfuzz-opus-1934""",6619
"""ossfuzz-ffmpeg-24636""",6628
"""ossfuzz-sleuthkit-24895""",6636
"""ossfuzz-binutils-gdb-18615""",6645
"""ossfuzz-imagemagick-5852""",6652
"""ossfuzz-ffmpeg-53623""",6661
"""ossfuzz-imagemagick-5607""",6667
"""ossfuzz-binutils-gdb-54330""",6675
"""ossfuzz-wolfssl-29185""",6686
"""ossfuzz-libjpeg-turbo-27857""",6689
"""ossfuzz-libxml2-66446""",6696
"""ossfuzz-libcoap-26371""",6705
"""ossfuzz-skia-10689""",6713
"""ossfuzz-libredwg-31789""",6719
"""ossfuzz-MapServer-52410""",6731
"""ossfuzz-libheif-22094""",6738
"""ossfuzz-libucl-28135""",6742
"""ossfuzz-libvips-45353""",6751
"""ossfuzz-clamav-66093""",6762
"""ossfuzz-selinux-42741""",6766
"""ossfuzz-c-blosc2-29816""",6770
"""ossfuzz-librawspeed-4819""",6776
"""ossfuzz-binutils-gdb-21414""",6782
"""ossfuzz-skia-51929""",6786
"""ossfuzz-imagemagick-5805""",6793
"""ossfuzz-opensc-24183""",6799
"""ossfuzz-php-src-24567""",6803
"""ossfuzz-md4c-31332""",6814
"""ossfuzz-imagemagick-6214""",6819
"""ossfuzz-libraw-46224""",6827
"""ossfuzz-ghostpdl-50406""",6833
"""ossfuzz-usrsctp-18004""",6837
"""ossfuzz-imagemagick-5729""",6844
"""ossfuzz-imagemagick-9435""",6851
"""ossfuzz-gpac-66032""",6856
"""ossfuzz-open62541-4569""",6863
"""ossfuzz-opensc-19191""",6867
"""ossfuzz-hermes-25815""",6880
"""ossfuzz-imagemagick-5833""",6883
"""ossfuzz-imagemagick-5338""",6890
"""ossfuzz-sleuthkit-36955""",6901
"""ossfuzz-imagemagick-6747""",6909
"""ossfuzz-imagemagick-15331""",6917
"""ossfuzz-zstd-43365""",6927
"""ossfuzz-jq-64574""",6933
"""ossfuzz-libxml2-55980""",6939
"""ossfuzz-serenity-28151""",6946
"""ossfuzz-serenity-53948""",6955
"""ossfuzz-freetype2-759""",6964
"""ossfuzz-ndpi-22864""",6970
"""ossfuzz-ffmpeg-57812""",6978
"""ossfuzz-wolfssl-39806""",6989
"""ossfuzz-mruby-23801""",6997
"""ossfuzz-libxml2-45473""",7001
"""ossfuzz-imagemagick-6091""",7008
"""ossfuzz-mupdf-5912""",7013
"""ossfuzz-imagemagick-6802""",7018
"""ossfuzz-ndpi-20766""",7024
"""ossfuzz-ndpi-63754""",7031
"""ossfuzz-wireshark-56820""",7038
"""ossfuzz-imagemagick-18130""",7045
"""ossfuzz-skia-11863""",7049
"""ossfuzz-libxml2-1014""",7053
"""ossfuzz-skia-51930""",7056
"""ossfuzz-libvips-62478""",7065
"""ossfuzz-mruby-49291""",7068
"""ossfuzz-tcmalloc-58786""",7072
"""ossfuzz-poppler-8505""",7079
"""ossfuzz-ghostpdl-45439""",7085
"""ossfuzz-libucl-33041""",7089
"""ossfuzz-dawn-60989""",7099
"""ossfuzz-binutils-gdb-26635""",7106
"""ossfuzz-php-src-32517""",7116
"""ossfuzz-ghostpdl-53052""",7122
"""ossfuzz-serenity-62033""",7130
"""ossfuzz-opensc-26900""",7137
"""ossfuzz-ghostpdl-42633""",7142
"""ossfuzz-yara-29419""",7150
"""ossfuzz-wireshark-13725""",7159
"""ossfuzz-serenity-30365""",7163
"""ossfuzz-librawspeed-6829""",7166
"""ossfuzz-kimageformats-12787""",7169
"""ossfuzz-skia-12483""",7173
"""ossfuzz-imagemagick-7032""",7177
"""ossfuzz-libheif-24993""",7184
"""ossfuzz-libxml2-1026""",7187
"""ossfuzz-assimp-40873""",7190
"""ossfuzz-gpac-66108""",7197
"""ossfuzz-gpac-65203""",7205
"""ossfuzz-libgit2-11007""",7216
"""ossfuzz-ndpi-39664""",7223
"""ossfuzz-librawspeed-52944""",7231
"""ossfuzz-opus-1941""",7234
"""ossfuzz-ffmpeg-3175""",7241
"""ossfuzz-imagemagick-18188""",7247
"""ossfuzz-ffmpeg-1468""",7254
"""ossfuzz-imagemagick-6687""",7260
"""ossfuzz-gdal-4660""",7269
"""ossfuzz-libxml2-62911""",7275
"""ossfuzz-ffmpeg-50014""",7278
"""ossfuzz-oniguruma-22925""",7285
"""ossfuzz-gpac-66196""",7292
"""ossfuzz-libredwg-66046""",7302
"""ossfuzz-curl-61908""",7312
"""ossfuzz-gdal-1588""",7326
"""ossfuzz-skia-7741""",7333
"""ossfuzz-wolfmqtt-39224""",7336
"""ossfuzz-libplist-44695""",7342
"""ossfuzz-perfetto-14018""",7355
"""ossfuzz-mruby-35727""",7361
"""ossfuzz-gpac-32356""",7371
"""ossfuzz-opensc-28383""",7378
"""ossfuzz-skia-7443""",7386
"""ossfuzz-imagemagick-6241""",7390
"""ossfuzz-stb-23153""",7397
"""ossfuzz-wireshark-1273""",7405
"""ossfuzz-ndpi-63746""",7412
"""ossfuzz-mosquitto-55820""",7420
"""ossfuzz-mupdf-5492""",7426
"""ossfuzz-libxml2-52869""",7434
"""ossfuzz-wolfmqtt-39053""",7437
"""ossfuzz-php-src-46315""",7446
"""ossfuzz-ghostpdl-42656""",7449
"""ossfuzz-gpac-66742""",7455
"""ossfuzz-gpac-66931""",7463
"""ossfuzz-gpac-67043""",7471
"""ossfuzz-PcapPlusPlus-43408""",7487
"""ossfuzz-opensc-18990""",7493
"""ossfuzz-c-blosc2-31586""",7497
"""ossfuzz-libraw-60983""",7504
"""ossfuzz-yara-30018""",7511
"""ossfuzz-imagemagick-5820""",7518
"""ossfuzz-oniguruma-53030""",7521
"""ossfuzz-imagemagick-7677""",7529
"""ossfuzz-sleuthkit-46779""",7535
"""ossfuzz-mdbtools-28779""",7544
"""ossfuzz-opensc-32807""",7551
"""ossfuzz-mupdf-55051""",7560
"""ossfuzz-lwan-14501""",7567
"""ossfuzz-lua-37621""",7579
"""ossfuzz-libxml2-62886""",7585
"""ossfuzz-gdal-2870""",7592
"""ossfuzz-libxslt-17171""",7598
"""ossfuzz-imagemagick-7504""",7602
"""ossfuzz-imagemagick-5498""",7608
"""ossfuzz-ghostpdl-43094""",7615
"""ossfuzz-ffmpeg-54857""",7622
"""ossfuzz-matio-29540""",7626
"""ossfuzz-ndpi-48883""",7633
"""ossfuzz-ghostpdl-50436""",7637
"""ossfuzz-mupdf-5748""",7641
"""ossfuzz-S2OPC-49819""",7653
"""ossfuzz-fluent-bit-44391""",7663
"""ossfuzz-lcms-64166""",7672
"""ossfuzz-skia-10488""",7676
"""ossfuzz-ffmpeg-57829""",7682
"""ossfuzz-openjpeg-3305""",7691
"""ossfuzz-libexif-40623""",7696
"""ossfuzz-c-blosc2-29125""",7704
"""ossfuzz-opensc-19031""",7708
"""ossfuzz-libplist-54949""",7715
"""ossfuzz-opensc-53631""",7720
"""ossfuzz-opensc-30800""",7728
"""ossfuzz-matio-17120""",7734
"""ossfuzz-proj.4-4404""",7742
"""ossfuzz-ffmpeg-20742""",7751
"""ossfuzz-gpac-66591""",7759
"""ossfuzz-mruby-57703""",7763
"""ossfuzz-ndpi-52435""",7767
"""ossfuzz-skia-60297""",7777
"""ossfuzz-lwan-14511""",7782
"""ossfuzz-lwan-18464""",7788
"""ossfuzz-openthread-8317""",7795
"""ossfuzz-skia-11842""",7803
"""ossfuzz-skia-51935""",7806
"""ossfuzz-imagemagick-13538""",7813
"""ossfuzz-libarchive-38766""",7821
"""ossfuzz-ndpi-23691""",7828
"""ossfuzz-librawspeed-3265""",7835
"""ossfuzz-fluent-bit-30090""",7843
"""ossfuzz-stb-37896""",7851
"""ossfuzz-PcapPlusPlus-59809""",7854
"""ossfuzz-openvswitch-12328""",7857
"""ossfuzz-ndpi-27988""",7863
"""ossfuzz-harfbuzz-11367""",7867
"""ossfuzz-wolfssl-30867""",7876
"""ossfuzz-libjpeg-turbo-27936""",7880
"""ossfuzz-openvswitch-10731""",7888
"""ossfuzz-openvswitch-9445""",7898
"""ossfuzz-serenity-65879""",7909
"""ossfuzz-imagemagick-20096""",7916
"""ossfuzz-imagemagick-5568""",7927
"""ossfuzz-ots-24157""",7937
"""ossfuzz-opensc-45880""",7940
"""ossfuzz-mdbtools-28832""",7944
"""ossfuzz-imagemagick-18673""",7951
"""ossfuzz-ndpi-22912""",7959
"""ossfuzz-mupdf-6018""",7963
"""ossfuzz-php-src-23547""",7971
"""ossfuzz-libxml2-57410""",7977
"""ossfuzz-karchive-14696""",7986
"""ossfuzz-harfbuzz-58660""",7989
"""ossfuzz-ghostpdl-50731""",7993
"""ossfuzz-libxml2-66679""",8000
"""ossfuzz-wireshark-3408""",8008
"""ossfuzz-openthread-12679""",8012
"""ossfuzz-espeak-ng-48589""",8023
"""ossfuzz-wolfssl-28991""",8033
"""ossfuzz-lwan-14529""",8039
"""ossfuzz-libxml2-63127""",8043
"""ossfuzz-libdwarf-47150""",8052
"""ossfuzz-librawspeed-6906""",8056
"""ossfuzz-fluent-bit-27710""",8064
"""ossfuzz-mupdf-61237""",8072
"""ossfuzz-arrow-41143""",8086
"""ossfuzz-openvswitch-10865""",8092
"""ossfuzz-ffmpeg-1570""",8100
"""ossfuzz-curl-8007""",8104
"""ossfuzz-ghostpdl-43268""",8110
"""ossfuzz-wolfssl-26163""",8120
"""ossfuzz-ndpi-35342""",8126
"""ossfuzz-c-blosc2-30974""",8131
"""ossfuzz-c-blosc2-27818""",8139
"""ossfuzz-wolfmqtt-38341""",8143
"""ossfuzz-wireshark-11633""",8151
"""ossfuzz-ntopng-61584""",8158
"""ossfuzz-opencv-47342""",8169
"""ossfuzz-libssh2-30258""",8173
"""ossfuzz-libucl-21578""",8180
"""ossfuzz-imagemagick-6070""",8188
"""ossfuzz-gdal-6688""",8195
"""ossfuzz-librawspeed-7206""",8202
"""ossfuzz-jsoncons-34814""",8212
"""ossfuzz-lcms-49455""",8220
"""ossfuzz-gdal-1975""",8229
"""ossfuzz-fluent-bit-28953""",8236
"""ossfuzz-libredwg-33059""",8241
"""ossfuzz-ndpi-21000""",8248
"""ossfuzz-imagemagick-7502""",8254
"""ossfuzz-libhevc-17553""",8258
"""ossfuzz-capstonemaster-8727""",8268
"""ossfuzz-libredwg-49613""",8275
"""ossfuzz-libsass-15904""",8284
"""ossfuzz-imagemagick-15487""",8291
"""ossfuzz-opensc-18939""",8295
"""ossfuzz-kimageformats-29290""",8305
"""ossfuzz-ghostpdl-44610""",8311
"""ossfuzz-selinux-28654""",8316
"""ossfuzz-libwebsockets-48959""",8327
"""ossfuzz-leptonica-31179""",8334
"""ossfuzz-libvips-20843""",8342
"""ossfuzz-libzmq-21984""",8355
"""ossfuzz-assimp-38947""",8361
"""ossfuzz-ntopng-63060""",8367
"""ossfuzz-capstonenext-14178""",8370
"""ossfuzz-imagemagick-5480""",8378
"""ossfuzz-binutils-gdb-41337""",8387
"""ossfuzz-zstd-16445""",8398
"""ossfuzz-ndpi-59393""",8406
"""ossfuzz-imagemagick-22543""",8416
"""ossfuzz-ffmpeg-48429""",8423
"""ossfuzz-picotls-13833""",8427
"""ossfuzz-mruby-38989""",8434
"""ossfuzz-pcre2-61269""",8444
"""ossfuzz-mruby-38298""",8451
"""ossfuzz-mruby-64945""",8457
"""ossfuzz-poppler-8616""",8464
"""ossfuzz-matio-17119""",8470
"""ossfuzz-aom-67162""",8474
"""ossfuzz-php-src-51169""",8478
"""ossfuzz-harfbuzz-58671""",8482
"""ossfuzz-serenity-31338""",8490
"""ossfuzz-php-src-28129""",8496
"""ossfuzz-skia-20268""",8500
"""ossfuzz-librawspeed-61800""",8503
"""ossfuzz-ghostpdl-43004""",8509
"""ossfuzz-ndpi-35297""",8513
"""ossfuzz-hiredis-28777""",8525
"""ossfuzz-mupdf-5879""",8533
"""ossfuzz-gpsd-52037""",8542
"""ossfuzz-imagemagick-5365""",8548
"""ossfuzz-selinux-28467""",8555
"""ossfuzz-imagemagick-5707""",8561
"""ossfuzz-ffmpeg-49271""",8569
"""ossfuzz-librawspeed-4396""",8576
"""ossfuzz-libhevc-17036""",8579
"""ossfuzz-mruby-39931""",8583
"""ossfuzz-irssi-6181""",8586
"""ossfuzz-open62541-4345""",8590
"""ossfuzz-libidn2-13359""",8599
"""ossfuzz-liblouis-60723""",8612
"""ossfuzz-serenity-30501""",8616
"""ossfuzz-matio-18974""",8622
"""ossfuzz-opensc-60672""",8629
"""ossfuzz-libsndfile-26712""",8637
"""ossfuzz-mruby-48877""",8644
"""ossfuzz-libraw-52694""",8650
"""ossfuzz-mruby-65996""",8659
"""ossfuzz-imagemagick-19744""",8672
"""ossfuzz-wolfmqtt-39036""",8676
"""ossfuzz-mupdf-13249""",8683
"""ossfuzz-imagemagick-6081""",8688
"""ossfuzz-gdal-9140""",8692
"""ossfuzz-relic-30340""",8703
"""ossfuzz-imagemagick-6819""",8709
"""ossfuzz-opensc-18482""",8717
"""ossfuzz-mruby-38843""",8721
"""ossfuzz-libraw-52579""",8725
"""ossfuzz-ndpi-40160""",8731
"""ossfuzz-c-blosc2-31535""",8735
"""ossfuzz-freetype2-9084""",8739
"""ossfuzz-wireshark-1436""",8746
"""ossfuzz-mdbtools-28787""",8754
"""ossfuzz-serenity-53977""",8762
"""ossfuzz-ndpi-52160""",8766
"""ossfuzz-mupdf-64664""",8770
"""ossfuzz-sleuthkit-27680""",8774
"""ossfuzz-arduinojson-24633""",8785
"""ossfuzz-opensc-18982""",8788
"""ossfuzz-mupdf-55868""",8795
"""ossfuzz-radare2-13704""",8805
"""ossfuzz-fluent-bit-45879""",8814
"""ossfuzz-harfbuzz-10762""",8821
"""ossfuzz-skia-21976""",8830
"""ossfuzz-wolfmqtt-39102""",8833
"""ossfuzz-libxml2-62859""",8837
"""ossfuzz-imagemagick-8170""",8841
"""ossfuzz-flac-17069""",8850
"""ossfuzz-ndpi-43664""",8857
"""ossfuzz-elfutils-45636""",8865
"""ossfuzz-htslib-65383""",8875
"""ossfuzz-ndpi-20109""",8879
"""ossfuzz-libraw-46577""",8883
"""ossfuzz-lcms-49382""",8889
"""ossfuzz-libhevc-16842""",8893
"""ossfuzz-MapServer-52066""",8901
"""ossfuzz-mruby-18756""",8910
"""ossfuzz-selinux-45523""",8918
"""ossfuzz-libredwg-54393""",8925
"""ossfuzz-libprotobuf-mutator-12803""",8935
"""ossfuzz-lwan-18447""",8938
"""ossfuzz-assimp-49422""",8943
"""ossfuzz-glib-23815""",8952
"""ossfuzz-cyclonedds-56515""",8966
"""ossfuzz-ots-7262""",8973
"""ossfuzz-imagemagick-5381""",8977
"""ossfuzz-assimp-39339""",8985
"""ossfuzz-imagemagick-5617""",8991
"""ossfuzz-h2o-35675""",9000
"""ossfuzz-php-src-29734""",9004
"""ossfuzz-libraw-56160""",9012
"""ossfuzz-opensc-22967""",9019
"""ossfuzz-serenity-30511""",9023
"""ossfuzz-leptonica-22140""",9030
"""ossfuzz-libsass-15893""",9041
"""ossfuzz-matio-66627""",9048
"""ossfuzz-lua-44597""",9056
"""ossfuzz-opensc-62613""",9063
"""ossfuzz-jq-61050""",9071
"""ossfuzz-uWebSockets-31047""",9076
"""ossfuzz-libjpeg-turbo-33340""",9084
"""ossfuzz-mruby-49845""",9087
"""ossfuzz-kimageformats-14467""",9096
"""ossfuzz-serenity-60262""",9104
"""ossfuzz-ndpi-49915""",9107
"""ossfuzz-libsndfile-25530""",9115
"""ossfuzz-libgit2-11382""",9123
"""ossfuzz-imagemagick-8175""",9127
"""ossfuzz-opensc-18963""",9131
"""ossfuzz-gdal-14981""",9135
"""ossfuzz-libplist-44574""",9141
"""ossfuzz-binutils-gdb-21165""",9150
"""ossfuzz-libredwg-31741""",9154
"""ossfuzz-libxml2-62855""",9158
"""ossfuzz-MapServer-57788""",9168
"""ossfuzz-libdwarf-66646""",9177
"""ossfuzz-poppler-11244""",9186
"""ossfuzz-imagemagick-7016""",9192
"""ossfuzz-openthread-6007""",9196
"""ossfuzz-php-src-26504""",9206
"""ossfuzz-imagemagick-6874""",9214
"""ossfuzz-mruby-34582""",9223
"""ossfuzz-pcre2-67297""",9232
"""ossfuzz-imagemagick-8719""",9240
"""ossfuzz-openthread-33863""",9247
"""ossfuzz-opensc-32149""",9268
"""ossfuzz-gstreamer-54811""",9277
"""ossfuzz-gpac-66371""",9284
"""ossfuzz-skia-11171""",9290
"""ossfuzz-radare2-13945""",9298
"""ossfuzz-WasmEdge-63885""",9310
"""ossfuzz-mruby-49045""",9316
"""ossfuzz-skia-11291""",9320
"""ossfuzz-libredwg-32604""",9326
"""ossfuzz-kimageformats-14565""",9334
"""ossfuzz-php-src-64579""",9343
"""ossfuzz-gpac-67261""",9350
"""ossfuzz-c-blosc2-28392""",9359
"""ossfuzz-opensc-26860""",9363
"""ossfuzz-skia-20194""",9366
"""ossfuzz-libucl-38675""",9369
"""ossfuzz-libsndfile-27503""",9377
"""ossfuzz-wolfmqtt-39070""",9381
"""ossfuzz-sleuthkit-36025""",9388
"""ossfuzz-freeradius-server-39699""",9394
"""ossfuzz-libxaac-61691""",9400
"""ossfuzz-c-blosc2-27812""",9406
"""ossfuzz-libass-31301""",9419
"""ossfuzz-mruby-62822""",9426
"""ossfuzz-upx-65864""",9433
"""ossfuzz-openthread-12536""",9439
"""ossfuzz-ffmpeg-26209""",9446
"""ossfuzz-karchive-14703""",9452
"""ossfuzz-php-src-49068""",9460
"""ossfuzz-lwan-46506""",9469
"""ossfuzz-c-ares-21176""",9480
"""ossfuzz-librawspeed-5296""",9488
"""ossfuzz-cryptofuzz-66801""",9497
"""ossfuzz-wireshark-7024""",9505
"""ossfuzz-pcre2-781""",9512
"""ossfuzz-relic-30482""",9520
"""ossfuzz-open62541-4561""",9524
"""ossfuzz-openthread-19386""",9532
"""ossfuzz-fribidi-34695""",9543
"""ossfuzz-libraw-46615""",9551
"""ossfuzz-unicorn-23555""",9560
"""ossfuzz-ffmpeg-45846""",9567
"""ossfuzz-matio-30083""",9570
"""ossfuzz-aom-67184""",9573
"""ossfuzz-wolfssl-58946""",9582
"""ossfuzz-binutils-gdb-52228""",9588
"""ossfuzz-jbig2dec-20493""",9599
"""ossfuzz-imagemagick-10509""",9603
"""ossfuzz-ndpi-24576""",9609
"""ossfuzz-ffmpeg-30135""",9617
"""ossfuzz-wolfmqtt-39103""",9621
"""ossfuzz-wolfmqtt-39056""",9625
"""ossfuzz-mruby-34691""",9632
"""ossfuzz-aom-12552""",9636
"""ossfuzz-flatbuffers-46883""",9646
"""ossfuzz-libssh-10486""",9656
"""ossfuzz-serenity-31351""",9660
"""ossfuzz-PcapPlusPlus-43847""",9666
"""ossfuzz-ffmpeg-55026""",9672
"""ossfuzz-libsndfile-26803""",9678
"""ossfuzz-ghostpdl-42896""",9681
"""ossfuzz-libspng-16830""",9690
"""ossfuzz-wireshark-26952""",9699
"""ossfuzz-assimp-44086""",9707
"""ossfuzz-libxslt-57078""",9710
"""ossfuzz-imagemagick-46081""",9720
"""ossfuzz-assimp-58650""",9728
"""ossfuzz-php-src-20320""",9737
"""ossfuzz-ghostpdl-49662""",9744
"""ossfuzz-kimageformats-31495""",9755
"""ossfuzz-karchive-14023""",9763
"""ossfuzz-h3-51356""",9770
"""ossfuzz-binutils-gdb-23877""",9777
"""ossfuzz-wireshark-1571""",9784
"""ossfuzz-libdwarf-56474""",9791
"""ossfuzz-libxml2-66502""",9798
"""ossfuzz-ghostpdl-42324""",9805
"""ossfuzz-irssi-31443""",9811
"""ossfuzz-selinux-33576""",9818
"""ossfuzz-oniguruma-53041""",9822
"""ossfuzz-binutils-gdb-54667""",9829
"""ossfuzz-freetype2-9070""",9833
"""ossfuzz-openthread-12642""",9840
"""ossfuzz-ffmpeg-18788""",9847
"""ossfuzz-gdal-1931""",9855
"""ossfuzz-lwan-18988""",9862
"""ossfuzz-ffmpeg-26821""",9869
"""ossfuzz-leptonica-23433""",9877
"""ossfuzz-libarchive-15431""",9886
"""ossfuzz-binutils-gdb-51010""",9891
"""ossfuzz-imagemagick-5362""",9898
"""ossfuzz-librawspeed-7884""",9902
"""ossfuzz-curl-7995""",9905
"""ossfuzz-libjxl-36043""",9909
"""ossfuzz-librawspeed-3680""",9916
"""ossfuzz-librawspeed-3257""",9923
"""ossfuzz-imagemagick-20890""",9931
"""ossfuzz-curl-12173""",9942
"""ossfuzz-ghostpdl-52986""",9949
"""ossfuzz-opensc-47143""",9957
"""ossfuzz-ghostpdl-43904""",9961
"""ossfuzz-open62541-4296""",9964
"""ossfuzz-librawspeed-3447""",9971
"""ossfuzz-libxml2-1066""",9974
"""ossfuzz-skia-7201""",9981
"""ossfuzz-serenity-28109""",9989
"""ossfuzz-libsndfile-25364""",9997
"""ossfuzz-radare2-18321""",10007
"""ossfuzz-imagemagick-6780""",10013
"""ossfuzz-ndpi-47728""",10020
"""ossfuzz-ndpi-21348""",10024
"""ossfuzz-skia-24691""",10031
"""ossfuzz-wireshark-47624""",10039
"""ossfuzz-PcapPlusPlus-59650""",10044
"""ossfuzz-unicorn-37291""",10047
"""ossfuzz-wireshark-52814""",10059
"""ossfuzz-wolfssl-55773""",10068
"""ossfuzz-imagemagick-6096""",10072
"""ossfuzz-selinux-31124""",10076
"""ossfuzz-libarchive-12466""",10087
"""ossfuzz-ghostpdl-50656""",10094
"""ossfuzz-lldpd-62435""",10099
"""ossfuzz-flac-16457""",10106
"""ossfuzz-unicorn-17032""",10110
"""ossfuzz-skia-14545""",10113
"""ossfuzz-mupdf-5666""",10116
"""ossfuzz-binutils-gdb-29243""",10124
"""ossfuzz-imagemagick-8273""",10131
"""ossfuzz-libxml2-62837""",10136
"""ossfuzz-ndpi-21309""",10141
"""ossfuzz-unicorn-40073""",10145
"""ossfuzz-gdal-4781""",10153
"""ossfuzz-mdbtools-29328""",10160
"""ossfuzz-c-blosc2-26755""",10165
"""ossfuzz-wolfssl-61414""",10176
"""ossfuzz-imagemagick-5481""",10182
"""ossfuzz-ndpi-26015""",10186
"""ossfuzz-leptonica-23654""",10193
"""ossfuzz-libxslt-57061""",10200
"""ossfuzz-matio-30081""",10204
"""ossfuzz-skia-51936""",10207
"""ossfuzz-gdal-14915""",10210
"""ossfuzz-fluent-bit-44379""",10214
"""ossfuzz-imagemagick-8383""",10218
"""ossfuzz-ghostpdl-49654""",10221
"""ossfuzz-opensc-19032""",10225
"""ossfuzz-libxml2-1049""",10229
"""ossfuzz-proj.4-3940""",10234
"""ossfuzz-imagemagick-10742""",10238
"""ossfuzz-binutils-gdb-51799""",10243
"""ossfuzz-mupdf-6522""",10252
"""ossfuzz-mupdf-13940""",10259
"""ossfuzz-haproxy-52049""",10270
"""ossfuzz-openexr-25770""",10277
"""ossfuzz-elfutils-45628""",10280
"""ossfuzz-knot-dns-47085""",10291
"""ossfuzz-skia-10305""",10299
"""ossfuzz-libraw-22979""",10308
"""ossfuzz-fmt-21794""",10316
"""ossfuzz-mruby-49282""",10319
"""ossfuzz-binutils-gdb-21327""",10327
"""ossfuzz-uWebSockets-26617""",10335
"""ossfuzz-gdal-14916""",10338
"""ossfuzz-ndpi-65307""",10345
"""ossfuzz-skia-24430""",10353
"""ossfuzz-flac-57320""",10361
"""ossfuzz-assimp-25401""",10369
"""ossfuzz-gdal-6959""",10376
"""ossfuzz-openvswitch-10710""",10386
"""ossfuzz-libucl-34755""",10389
"""ossfuzz-mruby-22507""",10397
"""ossfuzz-ffmpeg-54850""",10404
"""ossfuzz-PcapPlusPlus-60354""",10408
"""ossfuzz-imagemagick-6689""",10412
"""ossfuzz-c-blosc2-23826""",10415
"""ossfuzz-ghostpdl-42356""",10422
"""ossfuzz-openvswitch-10802""",10426
"""ossfuzz-opus-1942""",10430
"""ossfuzz-skia-23595""",10438
"""ossfuzz-leptonica-21435""",10444
"""ossfuzz-fmt-44791""",10453
"""ossfuzz-opensc-46679""",10458
"""ossfuzz-php-src-37695""",10469
"""ossfuzz-qemu-59243""",10480
"""ossfuzz-libzmq-25167""",10491
"""ossfuzz-openvswitch-12255""",10497
"""ossfuzz-pcre2-61268""",10502
"""ossfuzz-libavc-59543""",10511
"""ossfuzz-libjxl-36494""",10515
"""ossfuzz-skia-23395""",10522
"""ossfuzz-c-blosc2-31120""",10526
"""ossfuzz-c-blosc2-27934""",10534
"""ossfuzz-moddable-47443""",10539
"""ossfuzz-imagemagick-5846""",10546
"""ossfuzz-imagemagick-5373""",10553
"""ossfuzz-wolfssl-57316""",10562
"""ossfuzz-libsndfile-25366""",10570
"""ossfuzz-mupdf-55076""",10573
"""ossfuzz-libexif-37334""",10584
"""ossfuzz-opensc-18890""",10591
"""ossfuzz-imagemagick-5774""",10599
"""ossfuzz-wolfssl-55778""",10609
"""ossfuzz-libucl-25626""",10612
"""ossfuzz-karchive-14040""",10616
"""ossfuzz-openvswitch-11253""",10625
"""ossfuzz-uWebSockets-30996""",10629
"""ossfuzz-ots-27651""",10638
"""ossfuzz-wolfssl-30875""",10645
"""ossfuzz-wolfmqtt-37866""",10649
"""ossfuzz-libraw-38792""",10653
"""ossfuzz-skia-13240""",10661
"""ossfuzz-radare2-13942""",10664
"""ossfuzz-envoy-64378""",10667
"""ossfuzz-poppler-20200""",10675
"""ossfuzz-htslib-22231""",10681
"""ossfuzz-miniz-26682""",10688
"""ossfuzz-exiv2-45993""",10699
"""ossfuzz-opensc-22665""",10704
"""ossfuzz-wolfmqtt-38121""",10707
"""ossfuzz-espeak-ng-34299""",10717
"""ossfuzz-selinux-45493""",10723
"""ossfuzz-wolfmqtt-43370""",10731
"""ossfuzz-wolfmqtt-38146""",10735
"""ossfuzz-ndpi-57448""",10741
"""ossfuzz-ntopng-61836""",10749
"""ossfuzz-imagemagick-6760""",10753
"""ossfuzz-PcapPlusPlus-64237""",10762
"""ossfuzz-gpac-65319""",10768
"""ossfuzz-poppler-25221""",10777
"""ossfuzz-cups-54069""",10791
"""ossfuzz-libraw-36759""",10795
"""ossfuzz-imagemagick-8184""",10798
"""ossfuzz-libheif-58150""",10807
"""ossfuzz-mupdf-5616""",10810
"""ossfuzz-opensc-27719""",10817
"""ossfuzz-yara-28253""",10825
"""ossfuzz-ghostpdl-43012""",10832
"""ossfuzz-mosquitto-55950""",10837
"""ossfuzz-libjxl-41608""",10840
"""ossfuzz-imagemagick-5926""",10847
"""ossfuzz-imagemagick-5670""",10855
"""ossfuzz-curl-6483""",10865
"""ossfuzz-duckdb-49632""",10875
"""ossfuzz-gpac-66123""",10880
"""ossfuzz-bloaty-9540""",10890
"""ossfuzz-openthread-11376""",10898
"""ossfuzz-gpac-67278""",10903
"""ossfuzz-librawspeed-7538""",10908
"""ossfuzz-libexif-37211""",10914
"""ossfuzz-binutils-gdb-18315""",10923
"""ossfuzz-imagemagick-18192""",10927
"""ossfuzz-libredwg-62363""",10934
"""ossfuzz-kamailio-38909""",10942
"""ossfuzz-binutils-gdb-63196""",10950
"""ossfuzz-libxml2-57288""",10954
"""ossfuzz-wolfssl-56793""",10957
"""ossfuzz-gdal-21024""",10964
"""ossfuzz-mupdf-64565""",10967
"""ossfuzz-mruby-49453""",10971
"""ossfuzz-sudo-31250""",10979
"""ossfuzz-open62541-3736""",10986
"""ossfuzz-hoextdown-23764""",10998
"""ossfuzz-wolfssl-30882""",11008
"""ossfuzz-gpac-65960""",11012
"""ossfuzz-samba-20193""",11021
"""ossfuzz-libvips-16794""",11029
"""ossfuzz-libxml2-63082""",11033
"""ossfuzz-libxml2-45555""",11037
"""ossfuzz-leptonica-26260""",11045
"""ossfuzz-ndpi-65304""",11049
"""ossfuzz-fluent-bit-45884""",11055
"""ossfuzz-gdal-6651""",11061
"""ossfuzz-exiv2-51972""",11065
"""ossfuzz-sleuthkit-35684""",11074
"""ossfuzz-fluent-bit-27368""",11077
"""ossfuzz-libraw-23383""",11085
"""ossfuzz-yara-28981""",11088
"""ossfuzz-skia-51927""",11092
"""ossfuzz-libpsl-39424""",11095
"""ossfuzz-imagemagick-6986""",11099
"""ossfuzz-openssl-20816""",11103
"""ossfuzz-gdal-18092""",11111
"""ossfuzz-mruby-49427""",11117
"""ossfuzz-igraph-29408""",11128
"""ossfuzz-geos-51083""",11138
"""ossfuzz-PcapPlusPlus-64124""",11145
"""ossfuzz-skia-6284""",11152
"""ossfuzz-samba-20157""",11155
"""ossfuzz-imagemagick-7079""",11159
"""ossfuzz-ndpi-60003""",11166
"""ossfuzz-WasmEdge-67006""",11177
"""ossfuzz-imagemagick-6488""",11180
"""ossfuzz-llvm-project-23087""",11189
"""ossfuzz-wireshark-29974""",11197
"""ossfuzz-libjxl-36209""",11201
"""ossfuzz-freetype2-509""",11208
"""ossfuzz-ghostpdl-42285""",11211
"""ossfuzz-imagemagick-7680""",11215
"""ossfuzz-skia-11823""",11222
"""ossfuzz-binutils-gdb-58086""",11229
"""ossfuzz-ffmpeg-1337""",11236
"""ossfuzz-libjpeg-turbo-27879""",11240
"""ossfuzz-librawspeed-6975""",11246
"""ossfuzz-freeradius-server-45603""",11253
"""ossfuzz-binutils-gdb-33844""",11261
"""ossfuzz-ndpi-20540""",11270
"""ossfuzz-opensc-18798""",11277
"""ossfuzz-ghostpdl-49606""",11284
"""ossfuzz-ghostpdl-42479""",11291
"""ossfuzz-fluent-bit-34116""",11299
"""ossfuzz-readstat-33991""",11309
"""ossfuzz-harfbuzz-10724""",11313
"""ossfuzz-open62541-4346""",11317
"""ossfuzz-mruby-35109""",11324
"""ossfuzz-openthread-4637""",11332
"""ossfuzz-libraw-65027""",11338
"""ossfuzz-selinux-64849""",11346
"""ossfuzz-php-src-47997""",11355
"""ossfuzz-opensc-60650""",11359
"""ossfuzz-opensc-64522""",11368
"""ossfuzz-fluent-bit-30093""",11372
"""ossfuzz-lcms-49461""",11385
"""ossfuzz-zeek-60121""",11396
"""ossfuzz-gdal-6968""",11401
"""ossfuzz-ndpi-20830""",11408
"""ossfuzz-ndpi-65362""",11415
"""ossfuzz-wolfssl-36146""",11424
"""ossfuzz-php-src-20333""",11427
"""ossfuzz-openthread-20775""",11434
"""ossfuzz-imagemagick-7134""",11440
"""ossfuzz-yara-14560""",11447
"""ossfuzz-envoy-42797""",11458
"""ossfuzz-libjxl-35231""",11464
"""ossfuzz-clamav-66281""",11467
"""ossfuzz-p11-kit-57202""",11479
"""ossfuzz-libgit2-11173""",11487
"""ossfuzz-usrsctp-17790""",11491
"""ossfuzz-imagemagick-5403""",11495
"""ossfuzz-ffmpeg-48638""",11503
"""ossfuzz-libredwg-50194""",11511
"""ossfuzz-libbpf-40769""",11515
"""ossfuzz-sleuthkit-35915""",11523
"""ossfuzz-lwan-18455""",11527
"""ossfuzz-hostap-27269""",11534
"""ossfuzz-yara-11300""",11542
"""ossfuzz-libspng-16091""",11550
"""ossfuzz-imagemagick-5534""",11554
"""ossfuzz-libmpeg2-17084""",11568
"""ossfuzz-relic-53919""",11576
"""ossfuzz-skia-51913""",11579
"""ossfuzz-poppler-18802""",11588
"""ossfuzz-wolfmqtt-38900""",11591
"""ossfuzz-ndpi-49901""",11597
"""ossfuzz-gdal-18672""",11605
"""ossfuzz-serenity-29338""",11612
"""ossfuzz-serenity-34863""",11620
"""ossfuzz-zeek-62356""",11630
"""ossfuzz-wolfmqtt-39083""",11633
"""ossfuzz-libxml2-1076""",11637
"""ossfuzz-zstd-3522""",11646
"""ossfuzz-libraw-46244""",11653
"""ossfuzz-open62541-5576""",11656
"""ossfuzz-libarchive-11011""",11664
"""ossfuzz-opensc-55851""",11668
"""ossfuzz-yara-3862""",11675
"""ossfuzz-ghostpdl-42266""",11680
"""ossfuzz-imagemagick-6073""",11686
"""ossfuzz-bloaty-36948""",11695
"""ossfuzz-ndpi-22022""",11701
"""ossfuzz-imagemagick-5797""",11709
"""ossfuzz-wolfmqtt-39094""",11712
"""ossfuzz-serenity-30507""",11721
"""ossfuzz-ffmpeg-54861""",11726
"""ossfuzz-ghostpdl-51045""",11731
"""ossfuzz-mupdf-63356""",11738
"""ossfuzz-wget2-14427""",11742
"""ossfuzz-wolfssl-57694""",11751
"""ossfuzz-serenity-30545""",11754
"""ossfuzz-envoy-64372""",11757
"""ossfuzz-libxml2-1074""",11760
"""ossfuzz-libgit2-18356""",11766
"""ossfuzz-wolfmqtt-44683""",11773
"""ossfuzz-gpac-44766""",11781
"""ossfuzz-libexif-37575""",11786
"""ossfuzz-imagemagick-7708""",11792
"""ossfuzz-wireshark-15221""",11800
"""ossfuzz-binutils-gdb-22670""",11808
"""ossfuzz-unicorn-23666""",11812
"""ossfuzz-ffmpeg-51253""",11819
"""ossfuzz-ghostpdl-58405""",11826
"""ossfuzz-exiv2-45302""",11835
"""ossfuzz-serenity-30433""",11838
"""ossfuzz-libraw-53158""",11845
"""ossfuzz-serenity-30424""",11848
"""ossfuzz-gdal-1819""",11854
"""ossfuzz-glib-23818""",11857
"""ossfuzz-gdal-2828""",11865
"""ossfuzz-ghostpdl-43688""",11872
"""ossfuzz-imagemagick-12612""",11880
"""ossfuzz-perfetto-23149""",11890
"""ossfuzz-skia-11114""",11896
"""ossfuzz-imagemagick-60948""",11904